{"data":{"gcms":{"dateSizes":[{"id":"cjo0zm0im5z4b0914cv4fib5u","startDate":"2018-11-10T06:08:00.000Z","endDate":"2018-11-10T07:08:00.000Z","enrolled":8,"classSize":8,"class":{"id":"cjo0zl3h55z2i0914duujfza7","name":"SAT prep","descriptionOfClass":"This is for SAT prep"}},{"id":"cjo0zpv5u5zc109146uebdxwf","startDate":"2018-11-09T20:08:00.000Z","endDate":"2018-11-09T21:08:00.000Z","enrolled":7,"classSize":8,"class":{"id":"cjo0zlhkv5z3c0914qw79fij8","name":"ACT prep","descriptionOfClass":"This is for ACT prep"}},{"id":"cjo0zrfyb5zey0914qjpgaa4r","startDate":"2018-11-21T06:08:00.000Z","endDate":"2018-11-21T07:08:00.000Z","enrolled":0,"classSize":10,"class":{"id":"cjo0zl3h55z2i0914duujfza7","name":"SAT prep","descriptionOfClass":"This is for SAT prep"}},{"id":"cjo0zsb9b5zgu0914qt3t45o0","startDate":"2018-11-22T04:00:00.000Z","endDate":"2018-11-22T05:00:00.000Z","enrolled":0,"classSize":8,"class":{"id":"cjo0zlhkv5z3c0914qw79fij8","name":"ACT prep","descriptionOfClass":"This is for ACT prep"}},{"id":"cjo23k2ya7v36091465u4qyvt","startDate":"2018-11-13T02:00:00.000Z","endDate":"2018-11-12T16:00:00.000Z","enrolled":8,"classSize":8,"class":{"id":"cjo23j6fe7v1l0914h4kopt7w","name":"6th grade math prep","descriptionOfClass":"This is for kids"}},{"id":"cjo7ofbtbi8uf0914umynu0px","startDate":"2018-11-13T02:00:00.000Z","endDate":"2018-11-12T16:00:00.000Z","enrolled":8,"classSize":8,"class":{"id":"cjo23j6fe7v1l0914h4kopt7w","name":"6th grade math prep","descriptionOfClass":"This is for kids"}},{"id":"cjo7ofn96i8wq0914ifkmty6j","startDate":"2018-11-13T02:00:00.000Z","endDate":"2018-11-12T16:00:00.000Z","enrolled":8,"classSize":8,"class":{"id":"cjo23j6fe7v1l0914h4kopt7w","name":"6th grade math prep","descriptionOfClass":"This is for kids"}},{"id":"cjo7ogsmti9560914thom8za5","startDate":"2018-11-26T01:30:00.000Z","endDate":"2018-11-26T02:30:00.000Z","enrolled":1,"classSize":22,"class":{"id":"cjo23j6fe7v1l0914h4kopt7w","name":"6th grade math prep","descriptionOfClass":"This is for kids"}},{"id":"cjo954pp5lqnh0914nzrd86hl","startDate":"2018-11-09T19:00:00.000Z","endDate":"2018-11-09T22:00:00.000Z","enrolled":13,"classSize":13,"class":{"id":"cjo951kfdlqdb0914l53vob1j","name":"Calculus","descriptionOfClass":"Fun Math!"}}]}},"pageContext":{}}