{"app":["/app-3a673aab9571542b29f2.js"],"component---node-modules-gatsby-plugin-offline-app-shell-js":["/component---node-modules-gatsby-plugin-offline-app-shell-js-b531524bc4fa0f23eaef.js"],"component---src-pages-404-js":["/component---src-pages-404-js-535a796ebfded5ed0498.js"],"component---src-pages-about-js":["/component---src-pages-about-js-e83e6d974a75061f565c.js"],"component---src-pages-index-js":["/component---src-pages-index-js-7c79001447f15a4fe73c.js"],"component---src-pages-payment-js":["/component---src-pages-payment-js-ad807e7490417d9e4cd8.js"],"component---src-pages-pricing-js":["/component---src-pages-pricing-js-e5951f0c535de780cce3.js"],"component---src-pages-schedule-js":["/component---src-pages-schedule-js-e0d7ec35b7007ade8ad3.js"]}