{"errors":[],"warnings":[],"namedChunkGroups":{"app":{"chunks":[9,1],"assets":["webpack-runtime-63c25f422c72c0943d2b.js","webpack-runtime-63c25f422c72c0943d2b.js.map","app-3a673aab9571542b29f2.js","app-3a673aab9571542b29f2.js.map"],"children":{},"childAssets":{}},"component---node-modules-gatsby-plugin-offline-app-shell-js":{"chunks":[2],"assets":["component---node-modules-gatsby-plugin-offline-app-shell-js-b531524bc4fa0f23eaef.js","component---node-modules-gatsby-plugin-offline-app-shell-js-b531524bc4fa0f23eaef.js.map"],"children":{},"childAssets":{}},"component---src-pages-404-js":{"chunks":[0,3],"assets":["0-0307fa8a19adc0d99de7.js","0-0307fa8a19adc0d99de7.js.map","component---src-pages-404-js-535a796ebfded5ed0498.js","component---src-pages-404-js-535a796ebfded5ed0498.js.map"],"children":{},"childAssets":{}},"component---src-pages-about-js":{"chunks":[0,4],"assets":["0-0307fa8a19adc0d99de7.js","0-0307fa8a19adc0d99de7.js.map","component---src-pages-about-js-e83e6d974a75061f565c.js","component---src-pages-about-js-e83e6d974a75061f565c.js.map"],"children":{},"childAssets":{}},"component---src-pages-index-js":{"chunks":[0,5],"assets":["0-0307fa8a19adc0d99de7.js","0-0307fa8a19adc0d99de7.js.map","component---src-pages-index-js-7c79001447f15a4fe73c.js","component---src-pages-index-js-7c79001447f15a4fe73c.js.map"],"children":{},"childAssets":{}},"component---src-pages-payment-js":{"chunks":[0,6],"assets":["0-0307fa8a19adc0d99de7.js","0-0307fa8a19adc0d99de7.js.map","component---src-pages-payment-js-ad807e7490417d9e4cd8.js","component---src-pages-payment-js-ad807e7490417d9e4cd8.js.map"],"children":{},"childAssets":{}},"component---src-pages-pricing-js":{"chunks":[0,7],"assets":["0-0307fa8a19adc0d99de7.js","0-0307fa8a19adc0d99de7.js.map","component---src-pages-pricing-js-e5951f0c535de780cce3.js","component---src-pages-pricing-js-e5951f0c535de780cce3.js.map"],"children":{},"childAssets":{}},"component---src-pages-schedule-js":{"chunks":[0,10,8],"assets":["0-0307fa8a19adc0d99de7.js","0-0307fa8a19adc0d99de7.js.map","10.258649dc1ec15bc45fe3.css","10-9e217f0d46edd9a6abbe.js","10-9e217f0d46edd9a6abbe.js.map","component---src-pages-schedule-js-e0d7ec35b7007ade8ad3.js","component---src-pages-schedule-js-e0d7ec35b7007ade8ad3.js.map"],"children":{},"childAssets":{}}},"assetsByChunkName":{"app":["webpack-runtime-63c25f422c72c0943d2b.js","app-3a673aab9571542b29f2.js"],"component---node-modules-gatsby-plugin-offline-app-shell-js":["component---node-modules-gatsby-plugin-offline-app-shell-js-b531524bc4fa0f23eaef.js"],"component---src-pages-404-js":["0-0307fa8a19adc0d99de7.js","component---src-pages-404-js-535a796ebfded5ed0498.js"],"component---src-pages-about-js":["0-0307fa8a19adc0d99de7.js","component---src-pages-about-js-e83e6d974a75061f565c.js"],"component---src-pages-index-js":["0-0307fa8a19adc0d99de7.js","component---src-pages-index-js-7c79001447f15a4fe73c.js"],"component---src-pages-payment-js":["0-0307fa8a19adc0d99de7.js","component---src-pages-payment-js-ad807e7490417d9e4cd8.js"],"component---src-pages-pricing-js":["0-0307fa8a19adc0d99de7.js","component---src-pages-pricing-js-e5951f0c535de780cce3.js"],"component---src-pages-schedule-js":["0-0307fa8a19adc0d99de7.js","10.258649dc1ec15bc45fe3.css","10-9e217f0d46edd9a6abbe.js","component---src-pages-schedule-js-e0d7ec35b7007ade8ad3.js"]}}